precinctid,matt_haney,writein,mark_sanchez,stevon_cook,under_vote,jill_wynns,precincts,ballots_cast,trevor_mcneil,over_vote,ian_kalin,registration,rachel_norton,rob_geller,phil_kim
1101,200,3,216,160,685,111,1,446,90,0,45,586,146,37,91
1102,373,8,405,299,1204,181,1,810,182,4,78,996,278,64,164
1103,343,1,356,285,1200,189,1,781,188,4,82,971,261,44,171
1104,320,3,355,271,1256,170,1,763,159,0,66,991,228,58,166
1106,234,8,250,220,929,164,1,600,149,4,76,808,195,43,128
1107,204,1,218,192,816,113,1,506,100,12,43,781,183,30,112
1108,357,2,306,295,1087,209,1,744,171,4,73,951,282,41,149
1109,246,2,246,217,984,160,1,617,156,12,53,809,211,31,150
1111,265,1,270,219,1282,180,1,717,140,8,71,1031,225,38,169
1112,190,2,230,194,969,115,1,557,117,20,48,765,165,45,133
1113,219,1,233,172,929,142,1,547,130,4,41,713,175,30,112
1114,293,5,362,237,1230,168,1,741,153,4,65,971,229,66,152
1115,268,1,298,262,1306,177,1,746,156,4,71,910,228,45,168
1116,249,5,268,215,1037,151,1,636,152,0,54,913,204,39,170
1117,195,8,279,238,1111,131,1,644,148,12,74,886,202,39,139
1118,330,0,344,298,1184,190,1,776,169,8,64,1031,256,57,204
1119,234,5,258,213,958,130,1,587,121,12,49,783,183,54,131
1121,200,3,234,177,915,118,1,525,101,4,47,691,131,34,136
1122,168,0,187,144,814,127,1,482,113,4,57,658,169,33,112
1123,252,1,282,248,1003,144,1,646,165,16,63,954,224,43,143
1124,197,5,250,197,915,127,1,556,120,12,48,831,176,36,141
1125,251,0,318,224,1339,158,1,745,157,12,66,1029,203,64,188
1126,270,1,347,211,1091,168,1,701,166,16,65,954,225,54,190
1127,279,3,290,197,1041,176,1,685,183,12,77,911,223,62,197
1128,225,4,286,180,1164,167,1,686,163,8,85,907,187,52,223
1129,249,5,338,223,1141,167,1,703,144,16,58,951,219,66,186
1131,211,0,253,170,946,150,1,574,127,8,55,853,184,42,150
1132,279,0,323,225,1155,198,1,721,160,8,69,982,248,46,173
1133,260,2,278,213,1104,141,1,661,162,8,70,870,183,56,167
1134,189,6,262,188,1050,121,1,593,121,8,60,793,180,32,155
1135,166,8,188,135,636,125,1,421,89,12,40,521,146,34,105
1136,230,10,282,188,1194,149,1,669,142,4,65,857,210,54,148
1141,339,1,428,349,1243,185,1,812,161,0,64,1047,262,37,179
1142,261,6,307,227,1166,134,1,667,123,8,68,858,192,53,123
1143,309,2,414,303,1263,166,1,801,175,8,73,1056,240,59,192
1144,300,5,350,268,1121,158,1,713,135,12,70,928,228,49,156
1145,328,4,367,309,1156,177,1,753,160,8,87,931,224,52,140
1146,321,8,384,285,1289,167,1,791,161,12,90,1036,226,46,175
1147,303,1,380,293,1131,143,1,734,164,12,82,927,238,45,144
1148,268,3,333,207,1300,155,1,727,145,28,63,992,214,56,136
1149,304,5,379,262,1203,150,1,747,152,0,67,950,220,63,183
1151,0,0,0,0,0,0,1,0,0,0,0,0,0,0,0
1152,258,0,312,240,1039,180,1,671,153,4,58,898,221,50,169
1153,295,7,332,262,1281,158,1,749,149,12,74,961,212,46,168
1154,0,0,0,0,0,0,1,0,0,0,0,0,0,0,0
7001,256,1,233,216,964,108,1,559,90,0,63,742,193,28,84
7002,402,2,365,337,1893,212,1,997,163,8,132,1225,270,36,168
7003,437,9,342,376,1275,187,1,834,164,0,111,927,297,42,96
7004,367,0,282,319,1446,178,1,808,131,8,112,896,263,37,89
7005,386,1,306,317,1223,170,1,755,147,0,81,853,287,29,73
7006,420,4,384,401,1259,152,1,799,110,8,69,966,236,42,111
7007,407,0,326,360,1363,219,1,870,208,0,132,987,324,37,104
7008,415,1,313,319,1252,190,1,820,171,0,135,882,330,36,118
7009,362,2,308,336,1166,179,1,750,140,4,77,931,275,33,118
7011,237,0,257,231,1179,95,1,621,122,4,65,1063,171,31,92
7012,404,2,361,359,1568,188,1,925,191,8,121,1034,329,49,120
7013,298,0,204,243,1160,153,1,640,98,0,98,733,198,31,77
7014,442,2,316,376,1549,215,1,928,175,12,134,1073,317,40,134
7015,37,1,46,42,123,12,1,81,21,0,3,113,21,7,11
7016,228,5,258,219,1064,111,1,593,119,4,58,977,159,34,113
7017,166,9,180,194,851,76,1,469,98,4,49,786,146,26,77
7018,250,2,284,240,1124,171,1,672,148,8,64,992,213,41,143
7019,292,2,291,267,1108,188,1,696,138,16,89,945,223,38,132
7021,251,2,284,254,1042,121,1,631,139,16,65,993,192,38,120
7022,280,5,303,300,1015,157,1,667,159,24,66,1032,222,41,96
7023,269,2,300,283,1086,144,1,671,156,8,45,938,240,34,117
7024,23,0,54,31,236,21,1,119,26,4,9,309,29,8,35
7025,87,0,103,98,500,37,1,266,61,4,29,505,74,23,48
7026,230,6,270,208,1185,224,1,700,140,20,80,1022,247,29,161
7027,205,1,247,221,948,129,1,577,131,4,67,879,197,35,123
7028,226,1,242,242,902,111,1,544,128,0,44,900,159,30,91
7029,181,2,187,204,1043,68,1,525,108,12,43,924,141,22,89
7030,176,2,199,152,967,134,1,558,147,4,84,787,171,38,158
7031,140,2,138,137,688,103,1,392,85,4,44,511,123,19,85
7032,210,7,277,232,908,146,1,589,146,32,61,938,186,48,103
7033,172,2,231,207,1010,90,1,546,120,16,45,814,169,25,97
7034,158,0,207,218,1021,67,1,515,115,0,35,954,131,24,84
7035,131,2,118,127,629,78,1,341,83,0,31,476,102,10,53
7036,228,0,295,194,813,152,1,596,168,16,90,967,185,53,190
7037,102,0,158,113,801,55,1,379,67,0,35,840,94,17,74
7038,190,4,237,192,1061,153,1,595,125,28,69,960,178,30,113
7039,236,18,278,230,995,136,1,625,131,4,82,831,192,56,142
7041,18,0,11,12,85,5,1,42,7,0,3,62,13,2,12
7042,210,1,219,192,824,114,1,514,153,8,50,697,142,25,118
7043,238,0,283,240,1096,116,1,640,149,12,69,990,204,38,115
7044,128,0,158,158,837,48,1,415,85,8,42,867,99,12,85
7045,187,0,233,170,925,130,1,531,109,12,59,803,149,43,107
7046,115,1,150,107,537,77,1,319,73,4,32,435,102,16,62
7047,223,3,251,198,986,153,1,602,132,12,72,858,201,40,137
7048,186,2,226,175,836,130,1,518,120,20,59,877,155,33,130
7049,168,1,211,121,910,141,1,534,132,12,87,829,155,45,153
7051,201,1,242,173,1018,164,1,612,152,16,91,909,185,40,165
7052,234,1,269,236,1143,174,1,675,173,0,101,894,179,42,148
7053,146,0,150,125,808,119,1,462,111,12,80,552,138,33,126
7054,247,2,303,300,1229,116,1,683,152,8,47,1068,181,38,109
7101,65,0,44,48,221,28,1,126,21,4,13,150,36,5,19
7201,342,1,226,273,1661,216,1,868,199,0,116,983,276,56,106
7202,284,0,212,235,1399,191,1,752,174,4,104,885,257,48,100
7203,310,1,228,249,1744,183,1,840,180,4,88,950,238,37,98
7204,343,3,225,270,1529,239,1,833,189,0,102,933,276,57,99
7205,339,4,233,280,1448,230,1,815,186,0,113,903,286,47,94
7206,136,0,118,115,599,97,1,340,62,4,48,390,105,21,55
7207,220,0,177,160,1195,125,1,595,116,8,87,712,171,29,92
7208,206,4,178,164,964,129,1,539,122,0,70,635,180,46,93
7209,214,0,127,179,866,145,1,491,94,16,48,563,189,24,62
7301,254,2,281,252,1588,201,1,813,191,8,92,1080,217,49,117
7302,280,0,244,228,1331,215,1,732,163,16,94,862,219,45,93
7303,332,6,288,282,1647,195,1,851,164,4,85,1032,250,44,107
7304,324,10,273,280,1569,202,1,828,156,0,97,993,248,44,109
7305,305,8,253,250,1522,182,1,772,163,0,83,906,218,37,67
7306,317,2,284,257,1795,187,1,882,169,4,96,1076,247,59,111
7307,256,3,219,223,1270,162,1,674,141,8,77,826,203,39,95
7308,246,0,203,208,983,135,1,548,105,0,47,641,170,32,63
7309,302,1,226,242,1512,176,1,764,157,4,81,897,222,53,80
7311,353,2,272,268,1706,188,1,853,145,0,101,986,245,40,92
7312,313,0,228,231,1465,227,1,768,150,0,70,874,259,36,93
7313,308,3,266,253,1525,201,1,798,164,4,78,1001,221,48,121
7314,160,4,177,142,1096,127,1,511,78,4,30,833,115,25,86
7315,230,2,198,197,1162,138,1,597,112,4,54,783,174,34,83
7316,234,1,223,200,1322,149,1,661,132,12,68,893,146,44,113
7317,287,0,257,245,1319,194,1,743,168,16,100,938,225,50,111
7318,242,0,223,188,1388,173,1,689,124,8,71,788,195,37,107
7319,320,8,263,258,1929,204,1,908,161,4,104,1123,236,39,106
7321,167,5,164,134,923,137,1,493,100,4,48,683,158,32,100
7322,166,4,174,78,1088,197,1,526,98,0,27,937,168,17,87
7323,280,0,235,215,1450,165,1,727,133,0,78,888,201,44,107
7324,222,2,184,179,1225,152,1,601,108,0,49,756,166,18,99
7325,288,4,245,243,1650,164,1,792,137,0,81,973,218,32,106
7326,279,1,247,231,1453,199,1,749,146,12,73,922,215,43,97
7327,133,2,153,94,868,156,1,434,80,0,27,762,135,16,72
7328,221,4,205,153,1199,208,1,617,109,0,49,1024,187,38,95
7329,171,0,136,134,821,124,1,454,90,8,69,607,153,41,69
7331,323,0,196,245,1490,237,1,793,179,4,94,933,260,52,92
7332,278,8,274,234,1432,143,1,718,120,8,62,889,165,43,105
7333,347,3,280,266,1782,238,1,888,146,8,74,1101,249,49,110
7334,295,5,260,265,1524,180,1,774,137,12,67,963,210,42,99
7335,347,2,306,279,1758,210,1,894,136,0,98,1002,281,44,115
7336,330,1,260,299,1755,211,1,883,151,16,88,1017,261,56,104
7337,318,1,221,224,1411,231,1,755,155,4,79,944,244,37,95
7338,245,2,232,158,1382,216,1,695,134,8,58,1005,204,37,104
7339,202,2,200,159,928,116,1,495,91,4,43,660,137,39,59
7341,286,1,272,225,1565,157,1,765,129,4,76,974,203,45,97
7342,314,1,313,273,1456,167,1,791,154,12,75,1034,232,48,119
7343,262,2,250,240,1179,134,1,618,78,0,52,746,159,30,86
7344,358,4,353,317,1704,183,1,916,160,16,94,1143,261,57,157
7345,376,1,320,304,1689,215,1,891,165,0,82,1186,255,36,121
7346,344,2,328,296,1407,161,1,762,100,0,48,991,208,54,100
7347,351,2,342,338,1598,161,1,841,133,8,76,1085,215,36,104
7348,236,0,215,224,1252,147,1,647,118,12,57,957,182,43,102
7349,318,1,296,270,1356,199,1,771,147,8,63,1006,266,48,112
7501,223,0,140,162,985,112,1,522,124,0,64,574,187,28,63
7502,298,1,208,244,1278,149,1,694,155,4,84,808,230,40,85
7503,295,1,244,229,1243,139,1,688,130,4,79,808,253,43,92
7504,165,10,120,139,904,58,1,420,52,16,24,503,120,12,60
7505,346,2,231,268,1290,215,1,762,148,20,66,915,315,47,100
7506,336,0,272,299,1538,126,1,798,124,4,70,1018,262,60,101
7507,279,2,260,299,992,128,1,631,122,16,40,992,248,53,85
7508,264,1,213,206,1073,140,1,606,113,4,62,735,217,27,104
7509,365,2,292,306,1448,181,1,825,169,0,78,1006,281,60,118
7512,214,1,186,197,841,85,1,493,89,12,56,638,179,47,65
7513,234,0,217,234,1122,101,1,601,104,20,52,836,190,50,80
7514,216,1,187,226,1004,93,1,544,112,0,30,886,190,31,86
7515,310,2,246,271,1287,151,1,710,133,4,41,898,249,33,113
7516,334,5,271,267,1294,189,1,759,144,4,92,907,281,50,105
7517,411,0,343,371,1371,162,1,826,151,8,75,956,287,40,85
7518,440,2,375,392,1454,151,1,858,129,8,82,993,258,42,99
7519,342,6,278,300,1178,119,1,676,108,4,54,802,206,30,79
7521,356,2,309,324,1279,126,1,726,123,0,50,854,226,31,78
7522,388,0,304,361,1259,148,1,742,110,0,58,848,232,28,80
7523,367,0,316,338,1211,107,1,689,85,0,64,821,177,36,55
7524,249,2,203,246,930,90,1,532,91,4,51,728,175,27,60
7525,269,1,240,277,1201,113,1,636,102,16,43,870,197,19,66
7526,431,2,330,369,1476,177,1,858,157,0,88,999,276,45,81
7527,258,1,241,250,1157,115,1,624,104,4,56,773,207,32,71
7529,429,0,376,418,1501,138,1,860,121,4,69,992,246,29,109
7531,390,7,309,381,1415,157,1,805,122,0,78,954,240,28,93
7532,327,0,260,302,1348,132,1,741,145,4,93,886,231,38,84
7533,432,5,391,420,1629,147,1,910,153,0,89,1025,244,37,93
7534,393,1,320,358,1356,139,1,775,113,4,54,967,233,45,84
7535,361,2,284,325,1216,160,1,711,110,4,50,807,227,25,80
7536,380,1,310,352,1388,137,1,775,106,4,71,895,253,33,65
7537,339,0,272,321,1133,118,1,664,109,8,59,783,207,23,67
7538,372,3,311,343,1287,130,1,736,113,4,61,831,214,31,75
7539,430,3,377,411,1444,110,1,821,127,0,52,978,216,35,79
7541,395,5,309,333,1277,129,1,728,100,8,54,865,209,18,75
7542,403,5,350,381,1227,118,1,756,123,0,61,906,230,41,85
7543,389,2,328,374,1405,147,1,806,138,0,67,993,252,31,91
7544,399,10,312,335,1487,155,1,821,111,12,75,962,261,43,84
7545,397,1,314,360,1495,163,1,833,111,4,77,970,277,45,88
7546,419,0,347,373,1305,171,1,817,168,16,73,935,263,45,88
7547,391,3,318,374,1546,137,1,837,138,8,83,1057,230,35,85
7548,447,6,343,401,1519,199,1,894,133,12,83,1135,312,40,81
7549,357,2,291,306,1284,158,1,734,138,4,49,854,230,31,86
7551,336,1,273,292,1137,138,1,669,106,0,58,762,224,45,66
7552,339,2,257,307,1126,150,1,678,129,0,69,756,236,25,72
7553,81,1,54,68,267,50,1,168,29,0,22,187,71,9,20
7554,382,2,286,330,1202,190,1,769,169,4,84,859,320,25,82
7555,442,2,310,360,1385,206,1,846,149,4,89,893,327,33,77
7556,486,2,291,378,1439,249,1,906,177,4,96,1008,401,30,71
7601,270,4,237,207,1072,108,1,588,118,16,48,929,143,36,93
7602,329,2,289,280,1222,116,1,689,128,32,48,962,155,53,102
7603,362,0,289,292,1172,133,1,690,119,4,51,888,176,51,111
7604,300,2,261,260,1215,111,1,677,149,20,78,989,145,56,111
7605,180,4,162,157,825,70,1,428,87,4,33,771,99,32,59
7606,292,3,253,248,1194,90,1,640,112,28,53,992,143,41,103
7607,343,7,286,300,1264,100,1,710,148,4,53,1055,153,67,115
7608,95,1,83,62,459,53,1,244,53,12,19,456,74,27,38
7609,258,1,200,167,977,118,1,551,112,16,29,1051,167,47,112
7611,186,1,175,148,918,88,1,479,104,8,39,898,122,40,87
7612,181,4,143,136,735,98,1,418,91,8,40,668,135,37,64
7613,269,8,247,213,1144,114,1,617,113,12,54,1015,160,42,92
7614,326,9,320,297,1416,145,1,793,178,12,59,1177,195,72,143
7615,233,0,187,180,967,82,1,528,120,4,47,1020,129,58,105
7616,341,0,255,267,1596,171,1,807,131,0,98,981,232,42,95
7617,207,0,182,168,931,106,1,516,97,20,39,898,172,51,91
7618,351,6,276,288,1139,151,1,689,137,8,55,948,189,45,111
7619,678,17,510,522,2712,283,1,1485,292,16,145,1971,420,110,235
7621,341,3,268,279,1504,158,1,800,156,4,97,1082,207,64,119
7622,245,1,195,169,949,85,1,534,108,16,60,1007,140,61,107
7623,229,1,194,169,812,88,1,467,85,8,36,839,113,51,82
7624,269,4,227,216,953,96,1,565,122,24,47,1074,143,55,104
7625,280,0,187,149,1094,160,1,617,156,40,64,896,196,59,83
7626,457,6,300,318,1850,217,1,1011,221,0,154,1177,301,70,150
7627,531,1,323,376,2650,291,1,1326,244,16,211,1586,368,100,193
7628,324,4,268,286,1328,132,1,720,122,8,76,1006,194,50,88
7629,260,0,203,210,1115,106,1,577,102,4,60,837,138,31,79
7631,400,9,292,328,1679,181,1,915,192,4,104,1143,254,65,152
7632,267,6,218,228,930,100,1,532,80,0,51,727,142,31,75
7633,265,2,190,207,1008,147,1,574,99,4,51,731,188,47,88
7634,331,1,230,237,1271,138,1,706,141,4,73,1017,241,65,92
7635,253,2,220,224,1248,100,1,643,120,12,92,868,165,38,98
7636,300,1,207,222,1675,157,1,784,131,4,100,993,190,38,111
7637,476,4,332,339,2264,220,1,1151,220,32,159,1361,318,75,165
7638,466,0,283,338,2145,272,1,1135,240,8,189,1285,346,76,177
7639,358,1,228,262,1766,195,1,891,189,8,117,1011,269,49,122
7641,360,5,211,251,1400,203,1,795,167,20,122,977,268,61,112
7642,255,4,195,203,1823,141,1,810,170,8,73,967,172,58,138
7643,354,12,229,231,1361,169,1,758,165,16,91,959,226,67,111
7644,384,0,279,274,1860,142,1,925,171,16,124,1111,235,58,157
7645,244,0,150,179,1185,127,1,587,116,4,60,669,188,26,69
7646,828,5,492,589,3675,407,1,1893,365,8,287,2163,538,114,264
7647,241,2,270,225,1072,76,1,598,138,4,58,1028,140,43,123
7648,1,0,1,1,6,1,1,3,0,0,0,4,2,0,0
7701,395,0,303,340,1620,226,1,914,186,8,94,1049,288,62,134
7702,268,0,204,211,1106,177,1,663,170,0,98,775,238,62,118
7703,32,0,24,23,219,22,1,100,21,4,7,178,22,9,17
7704,371,1,307,286,1465,228,1,881,246,0,128,1006,282,70,140
7705,201,1,166,166,778,135,1,495,142,12,73,554,177,37,92
7706,323,7,269,288,1222,217,1,773,194,8,96,853,282,68,118
7707,367,4,270,299,1177,249,1,784,198,12,97,854,304,44,115
7708,367,1,329,301,1182,211,1,783,197,12,81,894,271,52,128
7709,178,0,185,166,513,63,1,354,91,0,39,390,108,21,52
7711,314,2,256,290,1093,168,1,685,151,4,60,789,256,48,98
7712,245,3,216,238,833,113,1,518,83,8,47,577,189,32,65
7801,527,3,322,429,1465,285,1,964,195,8,96,975,389,37,100
7802,362,3,283,325,1096,182,1,723,147,8,81,760,290,34,81
7803,366,0,266,305,1332,212,1,774,141,0,78,827,279,37,80
7804,440,4,315,364,1446,219,1,876,181,0,90,932,327,38,80
7805,385,0,320,357,1193,197,1,761,139,0,62,852,268,39,84
7806,342,1,267,327,1028,157,1,663,129,0,63,746,223,43,72
7807,349,1,319,302,1111,130,1,671,110,0,58,774,191,31,82
7808,300,2,252,283,944,119,1,578,93,0,49,702,181,25,64
7809,517,9,412,499,1841,245,1,1091,188,4,116,1234,352,54,127
7811,359,3,306,325,1166,134,1,696,113,8,63,806,190,36,81
7812,376,2,323,327,1245,157,1,752,141,4,59,892,236,47,91
7813,482,9,390,403,1620,186,1,943,145,0,99,1061,276,50,112
7814,256,3,336,284,1224,101,1,667,104,12,35,919,153,66,94
7815,450,3,336,400,1377,232,1,879,146,20,101,967,313,51,87
7816,446,1,310,361,1229,235,1,823,169,0,70,896,325,39,107
7817,375,1,309,334,1163,145,1,711,109,4,56,804,223,39,86
7818,389,0,338,363,1290,172,1,787,152,0,52,889,241,53,98
7819,318,0,288,310,1148,134,1,682,108,4,48,809,193,77,100
7821,490,2,365,403,1381,247,1,916,172,0,109,998,334,55,106
7822,396,3,318,336,1240,182,1,776,154,4,68,951,258,37,108
7823,421,1,340,391,1257,183,1,806,145,4,71,928,270,46,95
7824,331,4,269,286,1187,115,1,665,104,8,56,794,183,38,79
7825,258,3,223,249,802,125,1,521,96,0,51,578,180,32,65
7826,355,0,296,326,966,127,1,633,98,0,56,709,205,36,67
7827,361,1,371,372,1343,107,1,758,111,4,52,931,158,57,95
7828,438,0,336,408,1508,214,1,924,216,8,102,1053,300,43,123
7829,438,4,303,359,1260,242,1,841,178,4,96,904,325,57,98
7831,442,0,321,376,1197,238,1,803,146,8,72,906,311,35,66
7832,376,0,293,336,1258,185,1,759,140,0,86,824,266,31,65
7833,365,0,303,316,1205,152,1,710,97,0,66,785,222,31,83
7834,431,0,371,384,1241,143,1,775,111,0,61,901,224,58,76
7835,376,4,306,350,1274,164,1,785,176,0,76,863,245,59,110
7836,418,3,349,361,1504,200,1,903,194,8,90,990,299,57,129
7837,413,5,285,328,1426,221,1,840,155,8,83,934,308,34,94
7838,455,2,346,387,1168,221,1,839,192,12,82,933,340,48,103
7839,375,5,295,316,1323,206,1,785,140,8,74,869,268,33,97
7841,426,4,330,377,1419,201,1,839,122,4,82,947,284,27,80
7842,465,1,403,427,1341,175,1,864,165,4,76,960,270,34,95
7843,359,1,315,334,1026,162,1,679,107,4,61,802,227,40,80
7844,289,0,292,291,997,105,1,594,93,0,49,682,157,23,80
7845,410,2,299,352,1166,214,1,783,165,12,85,869,315,34,78
7846,410,0,277,340,1280,246,1,814,170,12,76,925,341,33,71
7847,443,1,307,354,1313,233,1,843,162,8,71,960,319,52,109
7848,430,1,311,341,1225,221,1,818,164,12,119,905,308,51,89
7849,464,5,346,411,1304,225,1,864,167,0,72,967,329,48,85
7851,225,0,142,163,720,169,1,472,92,0,56,528,205,32,84
7852,268,0,220,229,938,153,1,584,126,4,59,644,199,43,97
7853,386,2,291,322,1133,200,1,770,182,4,80,896,320,48,112
7854,385,1,266,315,1361,236,1,825,177,12,90,933,304,47,106
7855,444,2,360,389,1361,215,1,870,162,0,100,968,311,44,92
7856,394,4,329,347,1178,180,1,769,143,4,97,849,253,40,107
7857,435,0,371,399,1396,178,1,854,145,4,89,963,256,51,92
7858,336,5,327,324,1151,112,1,674,103,8,56,791,178,28,68
7859,412,0,283,330,1330,231,1,834,182,4,103,915,314,61,86
7861,391,0,332,331,1176,207,1,776,166,8,71,881,300,44,78
7862,400,1,315,357,1222,211,1,815,179,0,103,923,322,52,98
7863,406,3,368,356,1257,191,1,819,156,8,79,939,294,51,107
7864,351,1,295,299,1150,151,1,703,124,0,68,815,251,38,84
7865,360,8,335,321,1203,175,1,754,152,0,80,853,252,50,80
7866,341,2,250,280,1212,227,1,746,160,0,53,831,274,59,126
7867,411,7,330,362,1176,217,1,822,201,12,92,946,312,59,109
7868,357,4,279,332,1135,232,1,764,191,4,76,901,302,42,102
7869,403,1,346,363,1074,231,1,789,171,4,102,874,314,54,93
7871,389,1,294,347,1177,262,1,804,161,0,93,909,327,68,97
7872,399,2,312,355,1167,221,1,819,191,12,116,902,324,64,113
7873,417,4,327,334,1220,203,1,788,144,4,83,874,293,47,76
7874,210,4,196,175,562,105,1,408,101,0,43,482,148,31,57
7875,241,1,270,226,816,103,1,525,106,12,40,628,160,39,86
7901,410,11,436,393,1803,123,1,952,169,16,80,1286,213,48,106
7902,375,7,425,371,1492,114,1,842,158,0,75,1064,184,54,113
7903,278,1,311,276,1139,116,1,652,105,16,59,929,157,49,101
7904,326,1,331,315,1153,122,1,694,148,4,57,926,181,43,95
7905,354,0,327,352,1126,146,1,718,125,8,79,851,223,41,91
7906,316,0,314,286,1196,108,1,653,80,4,48,854,145,33,82
7907,399,3,393,364,1469,173,1,834,126,0,76,991,199,40,94
7908,377,2,435,379,1557,141,1,872,159,12,71,1008,206,51,98
7909,296,0,315,294,1077,117,1,644,126,8,69,787,164,31,79
7911,344,4,374,327,1245,132,1,734,113,4,62,907,194,36,101
7912,397,2,417,405,1592,148,1,874,110,8,67,1090,209,39,102
7913,380,0,411,394,1357,124,1,800,116,4,82,964,182,49,101
7914,382,4,433,369,1192,124,1,752,123,28,61,895,184,28,80
7915,342,3,394,330,1164,123,1,716,140,12,61,892,173,37,85
7916,408,1,396,383,1201,151,1,768,118,4,77,953,210,37,86
7917,410,2,459,416,1478,125,1,868,142,16,61,1073,202,51,110
7918,345,4,372,342,1136,125,1,697,105,8,46,860,198,24,83
7919,390,1,459,371,1238,135,1,767,130,12,46,928,174,23,89
7921,293,0,360,294,1202,119,1,694,138,20,56,970,174,38,82
7922,366,4,369,384,1129,121,1,705,118,0,49,884,171,29,80
7923,366,0,389,340,1090,121,1,689,111,4,37,930,178,30,90
7924,325,6,386,321,1139,117,1,696,132,4,52,883,158,46,98
7925,235,2,249,236,805,82,1,483,71,8,36,591,127,27,54
7926,382,2,348,354,1084,119,1,695,112,0,61,820,218,32,68
7927,381,1,343,368,1034,141,1,688,113,4,46,782,234,23,64
7928,479,1,427,451,1230,161,1,849,159,8,72,976,282,37,89
7929,450,4,380,403,1018,187,1,780,163,4,91,871,285,40,95
7931,380,3,339,364,897,153,1,687,156,4,64,765,269,40,79
7932,270,0,237,246,643,109,1,482,109,0,43,557,177,27,67
7933,0,0,2,1,15,2,1,7,3,0,1,8,1,1,2
7934,439,1,422,412,1094,120,1,772,141,8,71,888,265,30,85
7935,520,1,420,483,1085,214,1,851,158,0,57,949,351,34,81
7936,445,1,418,446,968,143,1,764,144,4,75,876,317,34,61
7937,440,2,402,410,1120,144,1,780,144,8,59,909,291,24,76
7938,311,1,376,326,965,118,1,636,109,16,39,808,180,31,72
7939,335,1,277,326,850,120,1,593,109,8,47,674,211,25,63
7941,317,1,318,313,1014,131,1,655,117,4,50,790,246,30,79
7942,349,1,376,345,1218,145,1,769,151,0,70,950,245,51,125
7943,352,5,344,302,1273,179,1,780,191,0,82,938,209,52,131
7944,358,1,378,352,1011,134,1,692,122,0,59,830,240,39,74
7945,293,2,320,309,1076,123,1,663,142,20,41,926,219,25,82
7946,289,2,331,261,1089,200,1,716,200,4,78,976,229,52,129
7947,231,2,305,239,1311,156,1,717,187,4,67,964,190,49,127
7948,268,6,347,271,1174,167,1,721,182,16,60,933,201,53,139
7949,157,0,181,138,767,98,1,433,106,4,54,594,111,27,89
7951,249,3,259,203,1111,163,1,645,167,12,66,841,181,40,126
7952,226,7,316,234,1099,134,1,651,174,4,73,865,165,41,131
7953,270,5,279,244,1103,175,1,677,193,8,74,853,171,60,126
7954,0,0,0,0,0,0,1,0,0,0,0,0,0,0,0
7955,252,2,295,214,1100,170,1,684,186,16,88,899,204,50,159
7956,205,1,238,169,1001,145,1,579,163,8,57,779,161,42,126
7957,197,2,250,190,850,110,1,524,141,0,51,664,156,40,109
7958,78,1,95,63,372,48,1,199,33,0,15,291,47,14,30
9001,68,1,87,74,270,50,1,197,58,4,30,269,72,25,49
9101,251,0,264,220,1357,173,1,740,178,16,90,899,208,50,153
9102,311,4,296,290,1414,188,1,817,186,8,101,989,241,53,176
9103,299,4,246,236,1395,191,1,786,185,12,106,971,244,53,173
9104,291,0,304,303,1344,174,1,795,167,8,126,1004,246,51,166
9105,338,5,284,276,1413,209,1,817,174,8,95,975,259,53,154
9106,320,2,295,273,1369,228,1,819,202,8,96,938,280,56,147
9107,221,1,240,212,1255,150,1,679,150,16,88,859,174,46,163
9108,296,1,264,241,1141,172,1,691,178,4,89,815,206,43,129
9109,296,3,265,254,1320,167,1,749,170,4,93,875,257,39,128
9111,240,0,225,211,1222,121,1,637,126,8,66,785,174,46,109
9112,322,2,286,283,1436,190,1,804,196,0,86,975,228,44,143
9113,361,1,313,331,1403,217,1,853,198,4,118,1008,282,51,133
9114,284,5,261,261,1392,170,1,749,156,4,77,913,207,42,137
9115,312,6,270,268,1421,166,1,761,142,0,73,948,212,51,123
9116,332,4,321,308,1445,158,1,811,144,0,90,986,237,43,162
9117,248,1,198,211,1193,182,1,670,153,0,98,785,242,44,110
9118,278,0,284,226,1484,173,1,780,172,0,84,987,208,51,160
9119,276,2,263,239,1343,158,1,744,193,4,84,911,223,53,138
9121,285,3,279,229,1313,187,1,758,175,4,103,950,225,52,177
9122,278,3,264,242,1455,173,1,769,175,4,83,976,204,52,143
9123,282,4,268,230,1326,179,1,740,156,4,90,902,208,52,161
9124,266,1,241,236,1377,162,1,730,144,0,87,940,203,35,168
9125,297,0,264,228,1333,179,1,740,164,4,83,911,221,50,137
9126,325,2,299,268,1470,189,1,820,174,8,98,978,237,49,161
9127,339,1,307,293,1432,187,1,819,169,4,92,985,245,46,161
9128,289,1,259,239,1322,164,1,727,151,0,75,859,233,29,146
9129,248,5,209,198,1121,151,1,621,136,4,70,772,180,43,119
9131,272,9,251,223,1151,153,1,661,133,0,83,806,209,27,133
9132,297,0,262,265,1248,142,1,701,124,8,79,898,217,31,131
9133,367,9,333,290,1520,211,1,888,196,16,113,1083,274,50,173
9134,276,1,245,240,1544,164,1,767,139,0,88,937,191,49,131
9135,233,4,216,212,1262,106,1,652,144,4,78,831,168,74,107
9136,330,6,308,272,1383,177,1,788,162,4,101,952,234,46,129
9137,297,9,311,261,1363,181,1,785,175,4,99,977,236,49,155
9138,312,10,300,237,1317,200,1,771,155,0,87,930,225,59,182
9139,330,4,301,265,1411,223,1,831,208,0,102,1004,249,67,164
9141,307,1,286,267,1322,207,1,794,193,0,98,963,247,58,190
9142,365,0,339,325,1369,202,1,843,177,4,89,1003,272,49,181
9143,309,1,286,250,1319,171,1,747,153,0,93,921,223,47,136
9144,350,1,301,302,1338,213,1,832,198,8,126,983,279,56,156
9145,333,2,256,282,1291,194,1,753,141,4,95,889,233,45,136
9146,338,5,300,295,1446,157,1,799,156,8,73,929,229,50,139
9147,325,1,304,294,1524,174,1,818,162,8,72,983,219,43,146
9148,383,4,313,331,1535,191,1,869,162,12,99,1007,270,35,141
9149,370,10,313,328,1459,171,1,842,176,0,88,976,271,47,135
9151,297,0,238,236,1240,185,1,704,154,12,74,858,226,33,121
9152,233,1,239,229,1201,125,1,636,106,4,67,842,178,51,110
9201,374,3,366,357,1427,193,1,893,223,8,131,1047,298,62,130
9202,302,4,237,262,1450,187,1,806,202,4,127,962,271,58,120
9203,277,0,174,188,1866,191,1,857,193,8,149,1006,225,61,96
9204,263,2,168,218,1408,206,1,733,149,0,116,849,244,54,104
9205,234,3,156,170,1370,154,1,652,135,0,81,760,197,32,76
9206,265,1,187,195,1631,231,1,822,217,0,148,960,246,58,109
9207,260,2,207,187,1879,171,1,845,183,8,107,980,222,44,110
9208,288,1,243,244,1899,194,1,897,195,0,133,1028,249,39,103
9209,207,1,145,159,1370,157,1,646,154,4,78,750,168,57,84
9211,240,1,182,190,1740,149,1,778,157,12,94,910,207,49,91
9212,241,4,213,185,1581,153,1,746,146,16,105,857,192,44,104
9213,290,0,217,240,1747,188,1,853,194,8,120,987,234,45,129
9214,198,1,148,162,1016,137,1,539,135,4,78,632,184,26,67
9215,192,2,130,147,1149,151,1,566,133,4,93,645,174,28,61
9216,223,0,160,166,1527,188,1,726,171,4,125,861,201,52,87
9217,210,0,188,160,1360,169,1,662,134,0,94,761,195,42,96
9218,251,1,182,197,1526,152,1,730,148,4,105,868,211,46,97
9219,257,2,180,190,1495,150,1,719,149,0,83,829,215,39,116
9221,217,1,111,188,1235,188,1,637,158,0,107,662,227,35,81
9222,298,4,178,209,1591,232,1,811,188,8,121,889,266,42,107
9223,200,1,128,144,1201,153,1,573,124,4,88,664,147,31,71
9224,337,0,223,242,1655,234,1,863,179,4,127,993,294,46,111
9225,321,1,228,260,1954,200,1,926,168,4,135,994,248,54,131
9226,281,4,204,234,1713,192,1,833,175,12,107,960,250,49,111
9227,269,0,173,205,1121,203,1,665,170,0,118,759,253,44,104
9228,265,2,171,217,1060,199,1,651,164,8,111,725,244,47,116
9229,219,2,152,205,885,177,1,555,140,4,98,615,216,39,83
9231,361,0,276,314,1481,243,1,869,194,4,112,1006,323,33,135
9232,299,4,163,239,1200,195,1,695,163,4,109,746,255,27,122
9233,287,0,161,211,1444,188,1,736,163,8,103,816,251,26,102
9234,249,0,160,204,1233,196,1,664,154,4,95,759,231,44,86
9235,337,1,187,249,1502,238,1,818,175,0,142,907,296,53,92
9236,214,6,150,164,1199,169,1,600,115,4,85,682,188,28,78
9237,307,1,163,252,1665,222,1,824,159,20,114,941,247,41,105
9238,303,2,196,260,1507,211,1,809,175,16,132,846,270,52,112
9239,322,0,204,262,1613,236,1,838,177,12,108,885,285,36,97
9241,362,0,239,299,1705,240,1,894,174,8,119,1027,283,41,106
9242,328,1,241,260,1736,199,1,885,196,8,133,1023,268,44,126
9243,221,0,159,175,994,148,1,555,125,0,87,611,191,39,81
9244,316,0,205,243,1658,213,1,824,173,0,98,940,260,23,107
9245,249,0,209,213,1147,131,1,627,143,4,76,725,206,36,94
9246,287,9,210,242,1748,190,1,842,155,0,110,964,250,48,119
9247,344,5,253,292,1693,219,1,885,171,8,112,1004,272,42,129
9248,332,1,223,285,1597,227,1,846,164,4,95,955,286,58,112
9249,304,1,251,264,1443,200,1,807,210,4,103,926,265,53,130
9251,364,5,265,290,1489,233,1,871,215,4,126,982,285,58,150
9252,328,6,267,246,1455,225,1,837,187,12,128,943,278,55,161
9253,256,1,204,225,1280,188,1,709,175,16,105,808,240,42,104
9254,357,1,246,293,1699,200,1,871,154,12,99,951,274,39,110
9255,188,4,147,164,1024,115,1,518,104,4,65,577,149,26,82
9256,149,0,102,129,654,75,1,342,79,0,42,403,90,14,34
9257,129,0,120,112,509,56,1,287,58,0,22,339,87,14,41
9258,288,0,201,224,1114,153,1,645,135,12,87,715,228,36,102
9401,317,9,349,297,1456,144,1,815,184,4,84,1014,220,54,142
9402,342,5,328,274,1507,162,1,816,156,0,70,1028,233,57,130
9403,281,4,305,253,1255,165,1,739,176,20,76,933,217,65,139
9404,304,7,307,256,1300,158,1,744,168,4,72,921,212,46,142
9405,273,8,245,229,1220,161,1,699,163,4,69,818,229,63,132
9406,324,0,306,278,1334,179,1,791,178,8,90,916,261,47,159
9407,278,1,266,240,1330,158,1,728,166,4,73,941,214,34,148
9408,293,1,288,275,1240,142,1,704,119,36,54,879,187,56,125
9409,219,6,228,179,927,108,1,524,108,0,46,626,144,36,95
9411,327,1,376,309,1513,151,1,840,182,0,71,1051,234,60,136
9412,293,1,295,252,1185,174,1,703,134,4,74,885,213,52,135
9413,286,5,283,248,1342,166,1,742,164,0,75,907,210,65,124
9414,289,1,273,248,1299,185,1,740,162,0,71,894,222,45,165
9415,249,0,223,186,1150,165,1,637,149,16,55,798,202,40,113
9416,300,2,301,268,1454,196,1,806,221,4,72,1018,233,43,130
9417,215,2,230,188,1089,142,1,604,148,4,83,759,177,32,106
9418,223,0,218,182,1263,131,1,642,133,4,63,814,186,40,125
9419,232,5,251,185,1339,157,1,708,166,0,72,902,197,58,170
9421,264,1,269,196,1368,177,1,732,166,0,72,929,223,45,147
9422,359,0,305,286,1539,196,1,887,197,24,114,1082,279,71,178
9423,286,8,284,246,1273,161,1,718,156,4,57,909,220,56,121
9424,319,1,309,233,1190,205,1,756,169,16,93,951,254,64,171
9425,244,0,275,184,1375,185,1,748,187,12,85,964,226,60,159
9426,237,9,241,204,1164,141,1,663,178,4,98,835,180,51,145
9427,258,4,235,213,1307,173,1,733,174,16,100,963,222,63,167
9428,248,2,261,196,1389,186,1,754,200,4,96,963,222,60,152
9429,246,1,250,195,1271,165,1,707,195,8,72,909,198,56,171
9431,306,3,302,255,1403,187,1,821,206,4,96,1024,285,52,185
9432,256,8,234,198,1306,178,1,718,157,4,85,913,247,58,141
9433,281,0,274,239,1321,202,1,759,180,12,74,973,233,61,159
9434,320,3,319,261,1365,187,1,803,208,4,87,997,254,57,147
9435,281,0,299,258,1321,174,1,765,190,0,84,969,232,64,157
9436,271,2,300,237,1411,179,1,783,178,0,84,994,233,69,168
9437,260,3,279,224,1226,191,1,713,162,8,75,954,228,50,146
9438,263,4,263,217,1483,197,1,791,179,4,94,1000,221,71,168
9439,278,2,256,208,1230,185,1,690,148,4,58,903,203,44,144
9441,338,1,314,269,1296,216,1,800,211,8,94,1004,255,59,139
9442,299,2,290,260,1462,189,1,809,181,28,92,1027,219,50,164
9443,279,5,271,220,1282,184,1,748,203,4,83,937,247,59,155
9444,257,7,263,211,1272,172,1,720,191,8,87,955,206,64,142
9445,284,3,316,240,1290,179,1,751,174,12,66,993,249,53,138
9446,359,3,315,268,1551,237,1,912,246,8,109,1084,295,64,193
9447,325,4,289,255,1245,196,1,761,183,4,92,954,247,59,145
9448,260,1,256,197,1322,197,1,728,148,4,78,950,229,59,161
9449,225,6,220,156,1168,179,1,639,139,16,62,820,191,39,155
9451,130,0,150,109,608,102,1,370,106,4,45,438,118,28,80
9452,256,0,260,192,1265,176,1,701,185,0,84,829,201,48,137
9453,137,0,136,102,752,116,1,415,118,16,45,502,126,25,87
9501,51,0,39,37,237,23,1,131,39,0,20,153,47,12,19
9502,101,0,56,76,389,50,1,209,32,12,14,233,76,9,21
9503,283,0,228,230,1294,135,1,674,137,16,58,822,193,36,86
9505,281,3,240,252,1071,114,1,617,117,28,38,804,211,32,81
9506,279,2,261,241,1022,115,1,602,118,8,45,810,198,35,84
9507,352,0,267,290,1037,129,1,638,97,12,54,783,228,20,66
9508,362,1,296,340,1295,112,1,720,110,0,56,862,212,25,71
9509,308,4,243,262,1217,129,1,661,114,4,65,758,193,27,78
9511,251,0,233,243,950,88,1,529,84,0,55,630,137,25,50
9512,371,2,317,347,1173,128,1,709,109,0,56,848,221,41,71
9513,396,4,324,344,1288,132,1,766,145,4,49,952,254,37,87
9514,399,2,311,341,1456,182,1,832,140,0,87,959,268,38,104
9515,323,1,262,275,1036,132,1,646,132,4,71,748,215,42,91
9516,335,1,306,284,1305,158,1,763,161,4,69,922,248,54,127
9517,335,1,270,304,1314,111,1,713,129,8,56,854,204,29,91
9518,346,2,290,313,1217,128,1,707,131,8,54,826,221,34,84
9519,385,5,306,324,1338,173,1,790,161,4,77,922,248,37,102
9521,380,2,327,346,1396,166,1,827,175,8,96,947,279,34,99
9701,241,0,197,203,1008,127,1,571,124,4,62,664,182,35,101
9702,277,4,250,259,1135,118,1,640,125,0,61,760,181,48,102
9703,349,3,277,295,1412,197,1,818,190,4,87,989,232,63,163
9704,361,3,290,305,1492,190,1,836,153,0,91,971,256,59,144
9705,355,1,289,305,1463,187,1,836,186,0,86,954,286,52,134
9706,23,0,22,21,95,15,1,54,14,0,7,54,16,1,2
9707,256,0,204,195,1170,195,1,679,167,4,101,805,234,51,139
9708,320,18,292,312,1504,186,1,829,159,8,80,956,223,51,163
9709,326,1,250,262,1450,235,1,848,244,16,112,1029,263,69,164
9711,270,2,196,213,898,181,1,572,129,0,59,643,210,38,92
9712,253,1,164,177,1022,183,1,593,140,12,89,656,208,49,74
9713,277,3,228,233,1417,182,1,782,204,4,110,974,248,60,162
9714,331,4,267,254,1397,224,1,825,215,0,115,941,300,51,142
9715,206,0,144,159,899,173,1,521,132,4,67,580,210,25,65
9716,288,3,260,279,1384,200,1,791,205,4,94,975,247,49,151
9717,338,5,293,284,1449,197,1,837,220,8,104,993,257,57,136
9718,287,0,221,255,1218,220,1,755,228,8,126,859,264,69,124
9719,305,0,254,238,1171,245,1,755,229,0,120,880,298,54,106
9721,243,1,177,190,916,155,1,575,166,0,99,657,217,52,84
9722,210,5,163,167,902,166,1,543,162,4,72,634,175,51,95
9723,139,1,117,95,775,109,1,396,95,8,39,478,110,22,74
9724,277,5,242,203,1512,223,1,824,213,4,130,978,229,66,192
9725,264,2,211,199,1463,198,1,783,230,8,119,985,224,54,160
9726,204,4,217,220,1150,112,1,606,152,4,47,782,154,43,117
9727,155,1,101,120,642,122,1,396,131,8,70,454,125,28,81
9728,317,1,240,235,1318,241,1,805,248,4,123,937,302,48,143
9729,299,0,174,208,1148,250,1,708,206,8,98,802,269,59,113
9731,199,4,130,142,771,174,1,485,151,0,75,548,194,35,65
9732,23,4,16,15,139,31,1,71,14,0,6,76,26,2,8
9733,92,1,75,79,313,60,1,204,47,4,22,221,76,9,38
9734,225,17,153,181,801,164,1,535,167,0,91,603,196,54,91
9735,279,6,221,249,1087,202,1,699,209,8,90,807,268,60,117
9736,288,1,229,257,972,195,1,651,165,0,99,729,275,51,72
9737,318,5,279,295,1057,205,1,715,184,4,76,782,266,47,124
9738,235,4,238,226,1217,136,1,680,192,0,81,850,204,69,118
9739,242,4,269,279,1222,109,1,681,157,4,65,912,186,66,121
9741,161,5,198,211,1567,79,1,679,142,0,57,1064,110,67,119
9742,193,1,149,150,930,153,1,530,132,4,80,669,172,41,115
9743,366,3,353,329,1592,179,1,907,210,4,85,1159,255,89,163
9744,258,3,292,289,1401,132,1,763,184,4,83,968,200,63,143
9745,263,4,309,284,1351,147,1,762,190,12,74,1052,186,75,153
9746,307,3,249,269,1315,218,1,783,208,0,103,903,247,61,152
9747,339,3,304,290,1275,204,1,797,216,8,83,989,260,51,155
9748,322,3,274,295,1329,193,1,809,204,20,94,981,261,69,172
9749,241,3,277,247,1219,145,1,686,173,4,53,969,199,46,137
9751,372,8,306,277,1504,250,1,908,237,8,116,1011,316,75,163
9752,288,0,221,226,934,158,1,626,175,8,75,721,233,66,120
9753,268,0,239,235,1036,151,1,636,156,4,76,777,222,56,101
9754,300,1,303,274,981,149,1,648,149,4,50,744,241,34,106
9755,222,0,210,216,773,118,1,492,101,8,47,605,153,42,78
9756,274,4,266,259,1431,158,1,784,208,16,90,980,199,64,167
9801,139,4,144,134,506,71,1,339,92,4,46,434,102,33,81
9900,0,0,0,0,0,0,1,0,0,0,0,0,0,0,0
9901,0,0,0,0,0,0,1,0,0,0,0,0,0,0,0
9902,0,0,0,0,0,0,1,0,0,0,0,0,0,0,0
